{"class_type_Science": 13.0027833735946, "confidence_1": 14.592245652315391, "confidence_3": 3.07309494058943, "confidence_2": 5.891696684957204, "confidence_5": -8.887425741559039, "confidence_4": -1.2154584434764064, "user_time_est": 1.0413421026894385, "assign_type_Reading": -11.352713365761808, "assign_type_Lab": 3.6895321896676827, "assign_type_Writing_Prompt": -2.9059475007341793, "class_type_Mathematics": 23.076564912766408, "class_type_Foreign_Language": 7.740519912076476, "assign_type_Interview": -11.075830407586125, "assign_type_Translation Activity": -0.6889565327727634, "class_type_Social_Studies": -14.16149001147156, "hard_easy_4": 10.870489972535195, "hard_easy_5": 14.791488024934422, "hard_easy_2": -1.8619093231383756, "hard_easy_3": 2.9518669375842084, "assign_type_Study_Guide": 9.153266646585447, "assign_type_Online_Activity": 5.663135767490296, "assign_type_Takehome_Test": 20.980678105703362, "hard_easy_1": -7.042163268955801, "assign_type_Homework": -5.672573529004104, "assign_type_Presentation": 13.810536876549996, "assign_type_Essay": 24.04559357371683, "hard_easy_expected_4": -1.5718701653593787, "hard_easy_expected_5": -6.6229289150490445, "hard_easy_expected_2": 9.103396511599943, "hard_easy_expected_3": 2.9843261170165434, "hard_easy_expected_1": 17.650870636688914, "class_type_Language_&_Literature": -8.487684916023488}