{"class_type_Science": 7.410929806289198, "confidence_1": 18.05456767423082, "confidence_3": 5.869487463999799, "confidence_2": 8.809491265510083, "confidence_5": -21.636031508872136, "confidence_4": 2.8398695747062495, "user_time_est": 1.0407846429649097, "groupPred_10": 5.6834946866301195, "groupPred_11": 5.479653626771874, "groupPred_12": 6.16993002144932, "groupPred_13": 5.803972085785803, "assign_type_Reading": -11.418482602382063, "groupPred_15": 5.798707546261595, "groupPred_16": 5.999105243413174, "groupPred_17": 6.200282050413577, "groupPred_18": 5.452877400912951, "groupPred_19": 6.305414424032155, "groupPred_1": 6.283586228511229, "assign_type_Lab": 3.819233089960673, "assign_type_Writing_Prompt": -3.2448264758081335, "class_type_Mathematics": 16.634073266654735, "class_type_Foreign_Language": 3.4917130235780287, "assign_type_Interview": -9.798188701705808, "assign_type_Translation Activity": -3.491509295559495, "class_type_Social_Studies": -19.650988233711956, "hard_easy_4": 9.108415699463475, "hard_easy_5": 46.55812703480338, "hard_easy_2": -2.6531629274854582, "hard_easy_3": 2.283180225037981, "assign_type_Study_Guide": 12.54832543908372, "assign_type_Online_Activity": 7.4387181172579595, "assign_type_Takehome_Test": 20.578251151878703, "hard_easy_1": -7.712202719773648, "assign_type_Homework": -5.86001970692884, "assign_type_Presentation": 14.986051332802461, "groupPred_8": 6.075896572084945, "groupPred_9": 5.909465289166985, "groupPred_6": 6.095080190399061, "groupPred_7": 6.2451959709518565, "groupPred_4": 5.894247354685299, "groupPred_5": 6.078866520875717, "groupPred_2": 6.0022462618080965, "groupPred_3": 5.6178020647182105, "groupPred_0": 5.944613943181594, "assign_type_Essay": 24.944355390940082, "groupPred_14": 5.921096671515502, "class_type_Language_&_Literature": -13.781121848998678}